R1SZFUL,R1SZELETSZ,R1SZKSORSZ
H0624,3308206248,11
H0793,3308207931,13
H1396,3308213969,22
H2116,3308221164,1
H2178,3308221784,17
H2395,3308223951,15
H2722,3308227225,29
H2723,3308227232,22
H3145,3308231459,7
H3258,3308232584,4
H3404,3308234047,7
H3502,3308235026,9
H3527,3308235273,19
H3760,3308237604,15
H3814,3308238140,5
H3896,3308238962,6
H3949,3308239491,11
H3982,3308239826,18
H4362,3308243625,8
H4379,3308243795,26
H4393,3308243935,5
H4409,3308244091,13
H4418,3308244185,11
H4419,3308244192,0
H4429,3308244293,10
H4458,3308244589,4
H4462,3308244628,8
H4467,3308244673,13
H4478,3308244781,1
H4500,3308245001,23
H4523,3308245234,11
H4547,3308245474,8
H4564,3308245645,13
H4569,3308245690,2
H4819,3308248194,0
H4839,3308248396,8
H4843,3308248435,16
H4850,3308248505,14
H4863,3308248637,21
H4877,3308248776,21
H4883,3308248839,8
H4929,3308249298,3
H4937,3308249375,1
H4940,3308249407,9
H4944,3308249445,9
H4954,3308249546,7
H5015,3308250151,17
H5054,3308250548,12
H5060,3308250601,16
H5085,3308250858,9
H5128,3308251286,5
H5140,3308251402,5
H5306,3308253066,8
H5332,3308253321,11
H5333,3308253338,19
H5371,3308253718,16
H5399,3308253996,29
H5430,3308254300,7
H5439,3308254393,17
H5447,3308254470,4
H5470,3308254704,14
H5503,3308255031,3
H5529,3308255295,11
H5542,3308255428,6
H5572,3308255721,9
H5576,3308255769,2
H5928,3308259280,26
H5933,3308259336,24
H5952,3308259521,9
H5959,3308259590,4
H5972,3308259723,4
H5974,3308259747,0
H5990,3308259901,12
H6025,3308260251,2
H6040,3308260408,8
H6051,3308260516,11
H6061,3308260617,12
H6064,3308260648,3
H6080,3308260802,1
H6094,3308260941,2
H6226,3308262264,16
H6237,3308262372,14
H6239,3308262396,6
H6244,3308262442,12
H6247,3308262473,5
H6249,3308262497,21
H6270,3308262707,12
H6273,3308262738,13
H6276,3308262769,5
H6291,3308262916,0
H6298,3308262985,9
H6307,3308263072,26
H6310,3308263104,15
H6318,3308263180,8
H6322,3308263229,8
H6331,3308263313,16
H6352,3308263522,21
H6354,3308263546,10
H6355,3308263553,12
H6369,3308263692,18
H6371,3308263717,12
H6383,3308263832,33
H6390,3308263902,7
H6395,3308263957,3
H6713,3308267137,8
H6717,3308267175,14
H6730,3308267308,6
H6737,3308267377,21
H6742,3308267423,10
H6779,3308267795,3
H6782,3308267827,11
H6796,3308267966,13
H6832,3308268325,10
H6844,3308268440,11
H6849,3308268495,12
H6850,3308268503,2
H6891,3308268914,10
H6895,3308268952,28
H6898,3308268983,8
H6903,3308269032,9
H6916,3308269164,15
H6921,3308269210,9
H6925,3308269258,14
H6926,3308269265,12
H6927,3308269272,9
H6929,3308269296,19
H6935,3308269359,14
H6938,3308269380,8
H6941,3308269412,6
H6945,3308269450,10
H6965,3308269652,16
H6968,3308269683,10
H6970,3308269708,1
H6979,3308269791,20
H6982,3308269823,1
H6983,3308269830,19
H6984,3308269847,10
H6990,3308269900,24
H6996,3308269962,23
H7421,3308274214,9
H7423,3308274238,1
H7431,3308274315,10
H7432,3308274322,24
H7455,3308274555,17
H7458,3308274586,10
H7462,3308274625,7
H7484,3308274841,8
H7489,3308274896,12
H7491,3308274911,4
H7503,3308275039,1
H7520,3308275200,19
H7521,3308275217,7
H7522,3308275224,20
H7528,3308275286,1
H7530,3308275301,2
H7532,3308275325,26
H7533,3308275332,9
H7534,3308275349,25
H7538,3308275387,15
H7539,3308275394,20
H7552,3308275527,16
H7555,3308275558,1
H7558,3308275589,9
H7559,3308275596,15
H7565,3308275659,11
H7570,3308275705,13
H7576,3308275767,9
H7578,3308275781,22
H7579,3308275798,9
H7581,3308275813,12
H7582,3308275820,20
H7588,3308275882,9
H7589,3308275899,1
H7598,3308275983,8
H7601,3308276018,1
H7609,3308276094,8
H7612,3308276126,7
H7614,3308276140,10
H7617,3308276171,1
H7619,3308276195,5
H7625,3308276258,8
H7636,3308276366,13
H7645,3308276450,9
H7648,3308276481,7
H7658,3308276582,17
H7661,3308276614,12
H7662,3308276621,8
H7666,3308276669,7
H7675,3308276753,3
H7684,3308276847,3
H7690,3308276900,17
H7691,3308276917,11
H7696,3308276962,11
H7698,3308276986,15
H7702,3308277028,27
H7704,3308277042,7
H7706,3308277066,9
H7708,3308277080,15
H7712,3308277129,12
H7713,3308277136,12
H7720,3308277206,15
H7724,3308277244,5
H7726,3308277268,18
H7729,3308277299,5
H7734,3308277345,7
H7739,3308277390,3
H7740,3308277408,7
H7741,3308277415,7
H7746,3308277460,13
H7747,3308277477,2
H7752,3308277523,14
H7760,3308277600,7
H7766,3308277662,15
H7769,3308277693,5
H7770,3308277701,7
H7771,3308277718,5
H7772,3308277725,22
H7780,3308277802,15
H7782,3308277826,15
H7787,3308277871,6
H7790,3308277903,17
H7792,3308277927,6
H7795,3308277958,7
H7800,3308278007,0
H7801,3308278014,4
H7803,3308278038,19
H7806,3308278069,10
H7811,3308278115,27
H7812,3308278122,8
H7818,3308278184,13
H7822,3308278223,5
H7823,3308278230,12
H7827,3308278278,8
H7839,3308278393,1
H7845,3308278456,9
H7852,3308278526,10
H7853,3308278533,18
H7857,3308278571,5
H7859,3308278595,9
H7872,3308278728,6
H7873,3308278735,7
H7875,3308278759,7
H7881,3308278812,14
H7884,3308278843,11
H7885,3308278850,9
H7888,3308278881,7
H7889,3308278898,13
H8400,3308284004,10
H8404,3308284042,7
H8414,3308284143,5
H8423,3308284237,14
H8425,3308284251,13
H8431,3308284314,5
H8433,3308284338,0
H8436,3308284369,3
H8438,3308284383,11
H8445,3308284453,19
H8448,3308284484,5
H8454,3308284547,9
H8457,3308284578,11
H8459,3308284592,22
H8466,3308284662,5
H8469,3308284693,10
H8477,3308284770,17
H8490,3308284903,11
H8494,3308284941,4
H8495,3308284958,4
H8498,3308284989,36
H8502,3308285021,8
H8510,3308285108,5
H8511,3308285115,24
H8515,3308285153,5
H8516,3308285160,10
H8517,3308285177,10
H8520,3308285209,6
H8522,3308285223,9
H8523,3308285230,0
H8527,3308285278,16
H8536,3308285362,8
H8545,3308285456,7
H8546,3308285463,1
H8558,3308285588,2
H8560,3308285603,2
H8562,3308285627,20
H8566,3308285665,4
H8576,3308285766,10
H8580,3308285805,10
H8581,3308285812,30
H8586,3308285867,9
H8587,3308285874,5
H8588,3308285881,5
H8589,3308285898,7
H8592,3308285920,5
H8595,3308285951,4
H8598,3308285982,14
H8615,3308286156,14
H8621,3308286219,22
H8623,3308286233,18
H8624,3308286240,7
H8626,3308286264,7
H8629,3308286295,14
H8632,3308286327,3
H8634,3308286341,13
H8635,3308286358,7
H8636,3308286365,0
H8641,3308286411,9
H8645,3308286459,13
H8653,3308286536,0
H8663,3308286637,8
H8665,3308286651,13
H8672,3308286721,14
H8684,3308286846,6
H8688,3308286884,26
H8694,3308286947,10
H8697,3308286978,7
H8710,3308287104,6
H8718,3308287180,13
H8722,3308287229,8
H8729,3308287298,4
H8730,3308287306,15
H8732,3308287320,15
H8735,3308287351,3
H8740,3308287407,7
H8741,3308287414,3
H8742,3308287421,7
H8749,3308287490,9
H8751,3308287515,1
H8752,3308287522,19
H8753,3308287539,28
H8757,3308287577,7
H8760,3308287609,1
H8763,3308287630,19
H8764,3308287647,0
H8766,3308287661,27
H8770,3308287700,22
H8771,3308287717,8
H8774,3308287748,25
H8778,3308287786,14
H8783,3308287832,32
H8784,3308287849,5
H8786,3308287863,7
H8792,3308287926,3
H8793,3308287933,4
H8794,3308287940,10
H8798,3308287988,5
H8800,3308288006,14
H8801,3308288013,17
H8805,3308288051,3
H8807,3308288075,7
H8810,3308288107,11
H8813,3308288138,4
H8822,3308288222,4
H8824,3308288246,17
H8830,3308288309,10
H8832,3308288323,5
H8836,3308288361,1
H8838,3308288385,7
H8839,3308288392,39
H8840,3308288400,3
H8846,3308288462,15
H8852,3308288525,7
H8853,3308288532,12
H8856,3308288563,9
H8858,3308288587,9
H8859,3308288594,17
H8870,3308288703,24
H8872,3308288727,4
H8877,3308288772,8
H8881,3308288811,7
H8882,3308288828,7
H8883,3308288835,1
H8885,3308288859,10
H8886,3308288866,7
H8890,3308288905,12
H8892,3308288929,14
H8894,3308288943,12
H8896,3308288967,7
H8898,3308288981,15
H8899,3308288998,8
H9400,3308294003,8
H9404,3308294041,23
H9405,3308294058,13
H9406,3308294065,3
H9408,3308294089,19
H9411,3308294111,2
H9413,3308294135,8
H9414,3308294142,6
H9416,3308294166,17
H9418,3308294180,21
H9421,3308294212,5
H9422,3308294229,5
H9424,3308294243,9
H9425,3308294250,0
H9426,3308294267,2
H9427,3308294274,17
H9428,3308294281,3
H9429,3308294298,11
H9430,3308294306,4
H9431,3308294313,18
H9436,3308294368,7
H9439,3308294399,14
H9440,3308294407,15
H9442,3308294421,11
H9443,3308294438,15
H9445,3308294452,15
H9447,3308294476,0
H9450,3308294508,9
H9451,3308294515,10
H9454,3308294546,3
H9455,3308294553,7
H9460,3308294609,10
H9461,3308294616,16
H9463,3308294630,20
H9465,3308294654,12
H9466,3308294661,8
H9470,3308294700,6
H9471,3308294717,1
H9472,3308294724,7
H9473,3308294731,11
H9475,3308294755,10
H9481,3308294818,10
H9483,3308294832,2
H9484,3308294849,15
H9491,3308294919,3
H9496,3308294964,26
H9498,3308294988,8
H9500,3308295006,9
H9501,3308295013,4
H9505,3308295051,7
H9509,3308295099,9
H9510,3308295107,13
H9515,3308295152,8
H9516,3308295169,13
H9517,3308295176,20
H9518,3308295183,2
H9519,3308295190,5
H9521,3308295215,8
H9522,3308295222,18
H9523,3308295239,8
H9528,3308295284,5
H9529,3308295291,11
H9531,3308295316,10
H9534,3308295347,7
H9535,3308295354,1
H9536,3308295361,7
H9539,3308295392,19
H9544,3308295448,7
H9546,3308295462,15
H9547,3308295479,11
H9548,3308295486,12
H9549,3308295493,26
H9554,3308295549,10
H9555,3308295556,5
H9558,3308295587,14
H9559,3308295594,13
H9561,3308295619,22
H9567,3308295671,1
H9569,3308295695,11
H9571,3308295710,14
H9572,3308295727,14
H9577,3308295772,9
H9578,3308295789,9
H9579,3308295796,13
H9581,3308295811,5
H9582,3308295828,2
H9583,3308295835,17
H9585,3308295859,2
H9587,3308295873,7
H9592,3308295929,15
H9600,3308296009,10
H9607,3308296078,19
H9608,3308296085,0
H9612,3308296124,2
H9618,3308296186,3
H9619,3308296193,0
H9621,3308296218,17
H9624,3308296249,6
H9626,3308296263,2
H9630,3308296302,6
H9636,3308296364,22
H9639,3308296395,10
H9641,3308296410,8
H9642,3308296427,0
H9647,3308296472,4
H9648,3308296489,5
H9649,3308296496,1
H9651,3308296511,1
H9652,3308296528,12
H9656,3308296566,3
H9661,3308296612,13
H9670,3308296706,7
H9671,3308296713,10
H9673,3308296737,10
H9674,3308296744,5
H9680,3308296807,1
H9688,3308296883,6
H9690,3308296908,16
H9691,3308296915,12
H9692,3308296922,13
H9694,3308296946,1
H9695,3308296953,0
H9696,3308296960,14
H9697,3308296977,9
H9703,3308297033,12
H9704,3308297040,10
H9705,3308297057,4
H9708,3308297088,20
H9711,3308297110,16
H9712,3308297127,7
H9715,3308297158,7
H9716,3308297165,5
H9719,3308297196,6
H9722,3308297228,8
H9724,3308297242,10
H9728,3308297280,13
H9732,3308297329,10
H9734,3308297343,11
H9735,3308297350,8
H9738,3308297381,7
H9739,3308297398,11
H9740,3308297406,10
H9741,3308297413,10
H9742,3308297420,5
H9743,3308297437,8
H9749,3308297499,16
H9753,3308297538,9
H9755,3308297552,0
H9756,3308297569,18
H9757,3308297576,12
H9760,3308297608,19
H9761,3308297615,7
H9762,3308297622,4
H9764,3308297646,12
H9765,3308297653,2
H9768,3308297684,17
H9769,3308297691,10
H9770,3308297709,8
H9774,3308297747,10
H9775,3308297754,10
H9776,3308297761,7
H9778,3308297785,0
H9779,3308297792,7
H9780,3308297800,8
H9781,3308297817,1
H9783,3308297831,0
H9787,3308297879,7
H9789,3308297893,10
H9792,3308297925,1
H9793,3308297932,9
H9803,3308298036,11
H9805,3308298050,13
H9807,3308298074,7
H9808,3308298081,9
H9810,3308298106,12
H9816,3308298168,9
H9817,3308298175,10
H9818,3308298182,11
H9819,3308298199,8
H9820,3308298207,8
H9825,3308298252,6
H9826,3308298269,15
H9827,3308298276,1
H9830,3308298308,8
H9832,3308298322,20
H9835,3308298353,0
H9836,3308298360,12
H9837,3308298377,10
H9840,3308298409,1
H9841,3308298416,7
H9845,3308298454,10
H9848,3308298485,15
H9849,3308298492,12
H9850,3308298500,4
H9851,3308298517,13
H9852,3308298524,14
H9853,3308298531,8
H9854,3308298548,13
H9856,3308298562,7
H9857,3308298579,7
H9858,3308298586,9
H9863,3308298632,2
H9865,3308298656,13
H9867,3308298670,19
H9868,3308298687,13
H9871,3308298719,8
H9872,3308298726,18
H9873,3308298733,13
H9874,3308298740,12
H9875,3308298757,17
H9876,3308298764,8
H9877,3308298771,7
H9879,3308298795,27
H9883,3308298834,8
H9884,3308298841,12
H9887,3308298872,0
H9888,3308298889,10
H9889,3308298896,8
H9895,3308298959,5
H9897,3308298973,6
J0402,3408404029,7
J0405,3408404050,14
J0406,3408404067,8
J0408,3408404081,6
J0409,3408404098,6
J0410,3408404106,4
J0416,3408404168,10
J0417,3408404175,10
J0418,3408404182,4
J0423,3408404238,4
J0424,3408404245,9
J0426,3408404269,7
J0429,3408404290,19
J0430,3408404308,8
J0431,3408404315,11
J0435,3408404353,17
J0438,3408404384,21
J0441,3408404416,14
J0442,3408404423,3
J0443,3408404430,9
J0444,3408404447,6
J0445,3408404454,5
J0446,3408404461,8
J0450,3408404500,8
J0452,3408404524,9
J0454,3408404548,15
J0457,3408404579,7
J0458,3408404586,13
J0460,3408404601,7
J0462,3408404625,4
J0464,3408404649,9
J0465,3408404656,17
J0466,3408404663,4
J0469,3408404694,13
J0471,3408404719,8
J0473,3408404733,7
J0476,3408404764,10
J0480,3408404803,6
J0481,3408404810,5
J0482,3408404827,8
J0483,3408404834,7
J0485,3408404858,9
J0488,3408404889,15
J0489,3408404896,4
J0492,3408404928,8
J0494,3408404942,9
J0496,3408404966,15
J0503,3408405039,17
J0504,3408405046,3
J0505,3408405053,15
J0507,3408405077,10
J0509,3408405091,4
J0512,3408405123,6
J0513,3408405130,9
J0517,3408405178,4
J0518,3408405185,4
J0520,3408405200,9
J0522,3408405224,6
J0528,3408405286,8
J0531,3408405318,7
J0533,3408405332,11
J0534,3408405349,18
J0535,3408405356,8
J0537,3408405370,7
J0538,3408405387,20
J0543,3408405433,8
J0545,3408405457,6
J0546,3408405464,4
J0547,3408405471,6
J0549,3408405495,7
J0550,3408405503,13
J0551,3408405510,7
J0552,3408405527,10
J0553,3408405534,4
J0555,3408405558,16
J0556,3408405565,0
J0557,3408405572,6
J0558,3408405589,15
J0560,3408405604,6
J0561,3408405611,24
J0562,3408405628,13
J0565,3408405659,2
J0566,3408405666,8
J0567,3408405673,12
J0570,3408405705,8
J0571,3408405712,9
J0573,3408405736,7
J0574,3408405743,8
J0576,3408405767,10
J0578,3408405781,8
J0581,3408405813,6
J0584,3408405844,19
J0586,3408405868,10
J0587,3408405875,19
J0589,3408405899,3
J0595,3408405952,5
J0597,3408405976,1
J0598,3408405983,28
J0599,3408405990,6
J0600,3408406001,21
J0607,3408406070,10
J0608,3408406087,6
J0617,3408406171,3
J0619,3408406195,13
J0620,3408406203,9
J0625,3408406258,14
J0626,3408406265,11
J0628,3408406289,1
J0631,3408406311,8
J0632,3408406328,1
J0634,3408406342,14
J0635,3408406359,0
J0636,3408406366,18
J0637,3408406373,16
J0640,3408406405,7
J0642,3408406429,11
J0643,3408406436,6
J0645,3408406450,10
J0646,3408406467,5
J0647,3408406474,3
J0650,3408406506,7
J0653,3408406537,4
J0655,3408406551,5
J0656,3408406568,7
J0658,3408406582,3
J0660,3408406607,6
J0663,3408406638,2
J0664,3408406645,9
J0665,3408406652,15
J0666,3408406669,6
J0667,3408406676,10
J0668,3408406683,22
J0670,3408406708,6
J0671,3408406715,14
J0672,3408406722,9
J0674,3408406746,16
J0675,3408406753,0
J0678,3408406784,3
J0679,3408406791,20
J0683,3408406830,17
J0684,3408406847,10
J0685,3408406854,1
J0687,3408406878,9
J0688,3408406885,0
J0689,3408406892,5
J0690,3408406900,5
J0691,3408406917,15
J0692,3408406924,1
J0700,3408407004,6
J0701,3408407011,5
J0702,3408407028,5
J0704,3408407042,5
J0707,3408407073,10
J0713,3408407136,2
J0714,3408407143,5
J0716,3408407167,20
J0717,3408407174,8
J0719,3408407198,2
J0721,3408407213,1
J0722,3408407220,10
J0724,3408407244,13
J0725,3408407251,19
J0726,3408407268,7
J0728,3408407282,6
J0729,3408407299,5
J0733,3408407338,10
J0734,3408407345,8
J0736,3408407369,4
J0738,3408407383,11
J0743,3408407439,10
J0744,3408407446,21
J0746,3408407460,5
J0747,3408407477,11
J0748,3408407484,1
J0750,3408407509,16
J0753,3408407530,4
J0754,3408407547,0
J0756,3408407561,13
J0758,3408407585,9
J0759,3408407592,20
J0760,3408407600,13
J0762,3408407624,4
J0763,3408407631,17
J0765,3408407655,11
J0766,3408407662,7
J0768,3408407686,14
J0771,3408407718,7
J0772,3408407725,1
J0776,3408407763,15
J0778,3408407787,9
J0779,3408407794,7
J0783,3408407833,8
J0785,3408407857,15
J0786,3408407864,7
J0789,3408407895,2
J0791,3408407910,25
J0798,3408407989,9
J0799,3408407996,4
J0800,3408408007,10
J0804,3408408045,20
J0805,3408408052,10
J0807,3408408076,20
J0810,3408408108,12
J0811,3408408115,23
J0816,3408408160,7
J0817,3408408177,4
J0818,3408408184,10
J0819,3408408191,25
J0820,3408408209,1
J0822,3408408223,8
J0823,3408408230,12
J0824,3408408247,14
J0826,3408408261,2
J0827,3408408278,4
J0828,3408408285,1
J0830,3408408300,7
J0831,3408408317,3
J0833,3408408331,8
J0835,3408408355,25
J0839,3408408393,9
J0841,3408408418,16
J0842,3408408425,4
J0843,3408408432,9
J0845,3408408456,22
J0846,3408408463,1
J0847,3408408470,15
J0848,3408408487,5
J0849,3408408494,11
J0850,3408408502,6
J0851,3408408519,6
J0852,3408408526,4
J0853,3408408533,4
J0856,3408408564,3
J0857,3408408571,5
J0860,3408408603,8
J0863,3408408634,19
J0864,3408408641,14
J0865,3408408658,6
J0866,3408408665,1
J0867,3408408672,3
J0868,3408408689,3
J0869,3408408696,7
J0870,3408408704,5
J0871,3408408711,6
J0874,3408408742,18
J0875,3408408759,12
J0877,3408408773,6
J0879,3408408797,15
J0880,3408408805,8
J0881,3408408812,8
J0882,3408408829,1
J0884,3408408843,14
J0885,3408408850,19
J0888,3408408881,9
J0890,3408408906,7
J0893,3408408937,6
J0894,3408408944,17
J0895,3408408951,5
J0897,3408408975,10
J0899,3408408999,12
J1401,3408414011,2
J1402,3408414028,0
J1404,3408414042,2
J1406,3408414066,2
J1407,3408414073,6
J1408,3408414080,5
J1409,3408414097,15
J1415,3408414150,0
J1416,3408414167,17
J1417,3408414174,7
J1418,3408414181,13
J1419,3408414198,9
J1421,3408414213,8
J1424,3408414244,17
J1425,3408414251,8
J1426,3408414268,22
J1427,3408414275,11
J1429,3408414299,4
J1432,3408414321,5
J1433,3408414338,13
J1434,3408414345,6
J1438,3408414383,1
J1439,3408414390,6
J1440,3408414408,0
J1441,3408414415,11
J1443,3408414439,13
J1444,3408414446,5
J1445,3408414453,5
J1446,3408414460,7
J1449,3408414491,14
J1450,3408414509,11
J1451,3408414516,12
J1453,3408414530,12
J1455,3408414554,12
J1456,3408414561,16
J1457,3408414578,2
J1458,3408414585,8
J1460,3408414600,7
J1461,3408414617,13
J1464,3408414648,14
J1465,3408414655,16
J1466,3408414662,13
J1470,3408414701,12
J1471,3408414718,2
J1472,3408414725,14
J1475,3408414756,6
J1476,3408414763,9
J1478,3408414787,9
J1479,3408414794,9
J1481,3408414819,5
J1482,3408414826,22
J1483,3408414833,10
J1484,3408414840,10
J1485,3408414857,5
J1486,3408414864,11
J1487,3408414871,10
J1488,3408414888,13
J1489,3408414895,9
J1491,3408414910,3
J1492,3408414927,14
J1493,3408414934,19
J1495,3408414958,6
J1496,3408414965,11
J1497,3408414972,2
J1498,3408414989,10
J1499,3408414996,3
J1501,3408415014,15
J1502,3408415021,4
J1503,3408415038,18
J1504,3408415045,20
J1505,3408415052,10
J1506,3408415069,4
J1507,3408415076,15
J1512,3408415122,9
J1513,3408415139,0
J1515,3408415153,11
J1516,3408415160,0
J1517,3408415177,17
J1518,3408415184,12
J1519,3408415191,2
J1522,3408415223,10
J1523,3408415230,9
J1524,3408415247,8
J1525,3408415254,14
J1526,3408415261,12
J1527,3408415278,3
J1528,3408415285,17
J1529,3408415292,27
J1530,3408415300,10
J1533,3408415331,16
J1534,3408415348,8
J1537,3408415379,10
J1538,3408415386,8
J1539,3408415393,4
J1540,3408415401,11
J1541,3408415418,6
J1542,3408415425,11
J1545,3408415456,11
J1547,3408415470,1
J1548,3408415487,13
J1550,3408415502,8
J1552,3408415526,10
J1553,3408415533,5
J1554,3408415540,12
J1555,3408415557,10
J1556,3408415564,9
J1557,3408415571,15
J1558,3408415588,2
J1559,3408415595,5
J1560,3408415603,6
J1562,3408415627,3
J1563,3408415634,5
J1564,3408415641,7
J1565,3408415658,20
J1566,3408415665,12
J1567,3408415672,6
J1568,3408415689,15
J1569,3408415696,8
J1570,3408415704,11
J1571,3408415711,21
J1573,3408415735,8
J1574,3408415742,9
J1577,3408415773,8
J1578,3408415780,15
J1579,3408415797,12
J1580,3408415805,6
J1581,3408415812,13
J1582,3408415829,8
J1583,3408415836,18
J1584,3408415843,15
J1585,3408415850,10
J1586,3408415867,4
J1587,3408415874,6
J1588,3408415881,19
J1589,3408415898,5
J1590,3408415906,17
J1591,3408415913,15
J1593,3408415937,4
J1594,3408415944,8
J1595,3408415951,5
J1598,3408415982,9
J1599,3408415999,22
J1600,3408416000,13
J1601,3408416017,0
J1602,3408416024,5
J1603,3408416031,4
J1604,3408416048,5
J1608,3408416086,10
J1610,3408416101,18
J1611,3408416118,4
J1614,3408416149,8
J1615,3408416156,8
J1617,3408416170,5
J1618,3408416187,15
J1619,3408416194,0
J1620,3408416202,20
J1621,3408416219,2
J1622,3408416226,11
J1623,3408416233,8
J1624,3408416240,9
J1626,3408416264,13
J1627,3408416271,14
J1628,3408416288,4
J1631,3408416310,6
J1632,3408416327,1
J1634,3408416341,17
J1635,3408416358,3
J1636,3408416365,5
J1637,3408416372,11
J1638,3408416389,11
J1641,3408416411,7
J1642,3408416428,8
J1643,3408416435,3
J1644,3408416442,8
J1645,3408416459,7
J1647,3408416473,12
J1648,3408416480,8
J1649,3408416497,4
J1650,3408416505,15
J1651,3408416512,5
J1653,3408416536,9
J1654,3408416543,11
J1655,3408416550,5
J1656,3408416567,5
J1657,3408416574,7
J1658,3408416581,5
J1659,3408416598,12
J1660,3408416606,5
J1661,3408416613,5
J1662,3408416620,17
J1663,3408416637,11
J1664,3408416644,12
J1665,3408416651,10
J1666,3408416668,11
J1667,3408416675,8
J1668,3408416682,13
J1669,3408416699,5
J1671,3408416714,11
J1672,3408416721,12
J1673,3408416738,7
J1675,3408416752,13
J1676,3408416769,7
J1677,3408416776,10
J1678,3408416783,11
J1679,3408416790,7
J1685,3408416853,16
J1686,3408416860,7
J1687,3408416877,13
J1691,3408416916,7
J1693,3408416930,5
J1694,3408416947,8
J1695,3408416954,8
J1696,3408416961,1
J1699,3408416992,7
J1764,3408417647,7
J2000,3408420001,3
J2001,3408420018,6
J2002,3408420025,10
J2003,3408420032,13
J2004,3408420049,1
J2005,3408420056,11
J2006,3408420063,8
J2008,3408420087,5
J2009,3408420094,16
J2010,3408420102,18
J2012,3408420126,7
J2015,3408420157,10
J2016,3408420164,8
J2017,3408420171,6
J2018,3408420188,7
J2019,3408420195,7
J2021,3408420210,14
J2022,3408420227,11
J2024,3408420241,7
J2025,3408420258,11
J2026,3408420265,11
J2027,3408420272,9
J2029,3408420296,9
J2030,3408420304,11
J2031,3408420311,7
J2033,3408420335,10
J2038,3408420380,12
J2039,3408420397,4
J2040,3408420405,5
J2041,3408420412,5
J2042,3408420429,8
J2044,3408420443,4
J2048,3408420481,5
J2049,3408420498,10
J2050,3408420506,12
J2053,3408420537,6
J2054,3408420544,8
J2055,3408420551,6
J2056,3408420568,5
J2057,3408420575,13
J2059,3408420599,16
J2060,3408420607,6
J2061,3408420614,5
J2062,3408420621,4
J2063,3408420638,6
J2064,3408420645,8
J2065,3408420652,8
J2068,3408420683,5
J2070,3408420708,9
J2071,3408420715,9
J2073,3408420739,6
J2074,3408420746,15
J2075,3408420753,6
J2076,3408420760,8
J2077,3408420777,4
J2078,3408420784,12
J2080,3408420809,4
J2081,3408420816,10
J2084,3408420847,5
J2085,3408420854,14
J2086,3408420861,6
J2088,3408420885,4
J2089,3408420892,3
J2090,3408420900,2
J2091,3408420917,9
J2092,3408420924,1
J2093,3408420931,5
J2094,3408420948,10
J2095,3408420955,5
J2097,3408420979,8
J2098,3408420986,11
J2099,3408420993,16
J2102,3408421028,18
J2103,3408421035,11
J2104,3408421042,3
J2105,3408421059,4
J2107,3408421073,8
J2108,3408421080,6
J2109,3408421097,12
J2111,3408421112,10
J2112,3408421129,6
J2113,3408421136,6
J2114,3408421143,3
J2115,3408421150,12
J2117,3408421174,7
J2118,3408421181,5
J2119,3408421198,4
J2120,3408421206,8
J2121,3408421213,8
J2124,3408421244,6
J2125,3408421251,7
J2126,3408421268,6
J2127,3408421275,7
J2128,3408421282,8
J2129,3408421299,12
J2130,3408421307,4
J2135,3408421352,12
J2136,3408421369,2
J2137,3408421376,6
J2138,3408421383,8
J2139,3408421390,17
J2140,3408421408,4
J2141,3408421415,7
J2142,3408421422,10
J2143,3408421439,8
J2144,3408421446,8
J2145,3408421453,9
J2147,3408421477,4
J2148,3408421484,6
J2149,3408421491,0
J2150,3408421509,10
J2151,3408421516,5
J2152,3408421523,4
J2154,3408421547,6
J2155,3408421554,5
J2156,3408421561,7
J2159,3408421592,4
J2160,3408421600,3
J2162,3408421624,9
J2163,3408421631,5
J2164,3408421648,7
J2165,3408421655,15
J2166,3408421662,9
J2167,3408421679,6
J2168,3408421686,6
J2169,3408421693,7
J2171,3408421718,4
J2172,3408421725,11
J2173,3408421732,11
J2174,3408421749,8
J2175,3408421756,4
J2176,3408421763,8
J2177,3408421770,8
J2179,3408421794,6
J2180,3408421802,4
J2181,3408421819,6
J2183,3408421833,2
J2187,3408421871,6
J2189,3408421895,9
J2190,3408421903,5
J2192,3408421927,6
J2193,3408421934,13
J2195,3408421958,12
J2197,3408421972,6
J2198,3408421989,0
J2199,3408421996,6
J2200,3408422007,4
J2201,3408422014,11
J2202,3408422021,7
J2204,3408422045,6
J2205,3408422052,6
J2206,3408422069,10
J2207,3408422076,5
J2208,3408422083,5
J2209,3408422090,5
J2210,3408422108,4
J2212,3408422122,5
J2213,3408422139,6
J2216,3408422160,4
J2217,3408422177,8
J2220,3408422209,6
J2223,3408422230,2
J2224,3408422247,7
J2225,3408422254,4
J2226,3408422261,2
J2230,3408422300,5
J2231,3408422317,9
J2232,3408422324,2
J2233,3408422331,8
J2234,3408422348,7
J2236,3408422362,3
J2237,3408422379,4
J2239,3408422393,3
J2240,3408422401,8
J2241,3408422418,5
J2242,3408422425,6
J2243,3408422432,7
J2244,3408422449,3
J2245,3408422456,0
J2246,3408422463,5
J2249,3408422494,7
J2250,3408422502,9
J2251,3408422519,4
J2252,3408422526,9
J2253,3408422533,3
J2254,3408422540,9
J2255,3408422557,8
J2256,3408422564,3
J2257,3408422571,6
J2259,3408422595,7
J2260,3408422603,8
J2262,3408422627,3
J2264,3408422641,7
J2265,3408422658,0
J2266,3408422665,8
J2267,3408422672,8
J2268,3408422689,3
J2269,3408422696,10
J2270,3408422704,5
J2271,3408422711,4
J2273,3408422735,1
J2276,3408422766,13
J2279,3408422797,7
J2280,3408422805,2
J2281,3408422812,4
J2283,3408422836,6
J2284,3408422843,9
J2286,3408422867,1
J2287,3408422874,6
J2288,3408422881,11
J2290,3408422906,3
J2291,3408422913,4
J2292,3408422920,4
J2293,3408422937,9
J2294,3408422944,3
J2296,3408422968,5
J2297,3408422975,8
J2299,3408422999,6
J2302,3408423024,6
J2303,3408423031,1
J2305,3408423055,12
J2306,3408423062,4
J2307,3408423079,7
J2308,3408423086,6
J2309,3408423093,6
J2310,3408423101,7
J2311,3408423118,5
J2312,3408423125,6
J2313,3408423132,5
J2314,3408423149,6
J2316,3408423163,9
J2318,3408423187,2
J2319,3408423194,2
J2321,3408423219,6
J2322,3408423226,3
J2323,3408423233,7
J2324,3408423240,8
J2326,3408423264,3
J2327,3408423271,0
J2328,3408423288,7
J2329,3408423295,2
J2332,3408423327,6
J2333,3408423334,3
J2334,3408423341,6
J2335,3408423358,3
J2336,3408423365,9
J2337,3408423372,3
J2338,3408423389,6
J2343,3408423435,7
J2345,3408423459,8
J2346,3408423466,5
J2347,3408423473,6
J2350,3408423505,6
J2351,3408423512,7
J2353,3408423536,1
J2355,3408423550,6
J2357,3408423574,1
J2358,3408423581,8
J2359,3408423598,5
J2360,3408423606,5
J2361,3408423613,5
J2362,3408423620,2
J2366,3408423668,2
J2370,3408423707,6
J2371,3408423714,1
J2374,3408423745,3
J2376,3408423769,3
J2377,3408423776,6
J2379,3408423790,4
J2380,3408423808,5
J2381,3408423815,2
J2382,3408423822,5
J2383,3408423839,2
J2386,3408423860,8
J2387,3408423877,3
J2388,3408423884,2
J2389,3408423891,5
J2390,3408423909,6
J2391,3408423916,5
J2392,3408423923,7
J2397,3408423978,7
J2399,3408423992,3
J2400,3408424003,7
J2401,3408424010,4
J2404,3408424041,4
J2406,3408424065,6
J2407,3408424072,5
J2408,3408424089,3
J2409,3408424096,6
J2412,3408424128,7
J2413,3408424135,3
J2414,3408424142,7
J2417,3408424173,7
J2419,3408424197,6
J2420,3408424205,2
J2422,3408424229,1
J2423,3408424236,5
J2424,3408424243,2
J2426,3408424267,6
J2427,3408424274,8
J2428,3408424281,6
J2430,3408424306,1
J2432,3408424320,3
J2433,3408424337,6
J2436,3408424368,3
J2437,3408424375,0
J2438,3408424382,7
J2439,3408424399,5
J2440,3408424407,7
J2441,3408424414,1
J2443,3408424438,5
J2444,3408424445,6
J2445,3408424452,7
J2446,3408424469,5
J2447,3408424476,9
J2448,3408424483,3
J2450,3408424508,6
J2451,3408424515,3
J2452,3408424522,3
J2453,3408424539,2
J2457,3408424577,0
J2460,3408424609,6
J2461,3408424616,6
J2462,3408424623,4
J2463,3408424630,3
J2464,3408424647,6
J2465,3408424654,6
J2466,3408424661,4
J2468,3408424685,3
J2470,3408424700,1
J2476,3408424762,0
J2477,3408424779,3
J2479,3408424793,3
J2480,3408424801,3
J2482,3408424825,3
J2484,3408424849,7
J2485,3408424856,0
J2486,3408424863,3
J2487,3408424870,2
J2489,3408424894,4
J2492,3408424926,3
J2495,3408424957,2
J2497,3408424971,0
J2498,3408424988,5
J2900,3408429008,3
J2902,3408429022,5
J2903,3408429039,3
J2904,3408429046,0
J2905,3408429053,7
J2906,3408429060,4
J2909,3408429091,3
J2910,3408429109,1
J2911,3408429116,2
J2912,3408429123,1
J2913,3408429130,0
J2915,3408429154,6
J2916,3408429161,2
J2917,3408429178,4
J2922,3408429224,3
J2923,3408429231,0
J2924,3408429248,3
J2930,3408429301,2
J2933,3408429332,4
J2940,3408429402,3
J2941,3408429419,3
J2944,3408429440,3
J2945,3408429457,2
J2949,3408429495,1
J2950,3408429503,0
J2951,3408429510,2
J2952,3408429527,0
J2954,3408429541,0
J2958,3408429589,1
J2959,3408429596,2
J2960,3408429604,2
J2965,3408429659,3
J2967,3408429673,2
J2971,3408429712,2
J2982,3408429820,0
J2986,3408429868,2
J2987,3408429875,4
J2988,3408429882,4
J2989,3408429899,5
J2991,3408429914,0
J2993,3408429938,5
J2996,3408429969,2
J2997,3408429976,2
J3009,3408430093,3
J3015,3408430156,1
J3019,3408430194,1
J3020,3408430202,2
J3026,3408430264,2
J3028,3408430288,2
J3030,3408430303,2
J3034,3408430341,1
J3043,3408430435,1
J3048,3408430480,1
J3050,3408430505,1
J3051,3408430512,0
J3055,3408430550,1
J3058,3408430581,2
J3061,3408430613,3
J3062,3408430620,2
J3069,3408430699,1
J3071,3408430714,2
J3077,3408430776,2
J3083,3408430839,2
J3085,3408430853,2
J3087,3408430877,0
J3088,3408430884,2
J3094,3408430947,1
J3104,3408431041,0
J3106,3408431065,0
J3108,3408431089,1
J3111,3408431111,1
J3123,3408431236,0
J3124,3408431243,2
J3128,3408431281,2
J3137,3408431375,0
J3148,3408431483,0
J3158,3408431584,0
J3162,3408431623,0
J3210,3408432107,0
K0541,3243905413,18
K0611,3243906113,20
K0613,3243906137,10
K0650,3243906500,15
K0663,3243906632,18
K0688,3243906889,8
K0695,3243906959,21
K0696,3243906966,1
K0742,3243907426,6
K0743,3243907433,6
K0763,3243907635,1
K0794,3243907945,13
K0822,3243908227,11
K0846,3243908467,2
K0985,3243909857,18
K1010,3243910107,12
K1026,3243910260,10
K1048,3243910486,3
K1054,3243910549,2
K1082,3243910828,8
K1092,3243910929,12
K1093,3243910936,1
K1095,3243910950,9
K1100,3243911009,0
K1101,3243911016,11
K1126,3243911263,15
K1131,3243911319,13
K1157,3243911573,9
K1167,3243911674,8
K1169,3243911698,0
K1170,3243911706,1
K1173,3243911737,0
K1190,3243911908,9
K1192,3243911922,3
K1204,3243912040,10
K1215,3243912158,10
K1217,3243912172,11
K1225,3243912259,3
K1229,3243912297,1
K1232,3243912329,5
K1233,3243912336,1
K1237,3243912374,23
K1246,3243912468,0
K1249,3243912499,13
K1251,3243912514,18
K1253,3243912538,9
K1257,3243912576,8
K1258,3243912583,12
K1261,3243912615,15
K1263,3243912639,9
K1264,3243912646,1
K1269,3243912691,2
K1272,3243912723,2
K1273,3243912730,2
K1285,3243912855,10
K1286,3243912862,12
K1287,3243912879,11
K1292,3243912925,1
K1297,3243912970,12
K1299,3243912994,14
K1310,3243913106,10
K1312,3243913120,8
K1324,3243913245,0
K1330,3243913308,1
K1340,3243913409,1
K1380,3243913803,1
K1391,3243913911,6
K1405,3243914053,2
K1407,3243914077,1
K1416,3243914161,12
K1418,3243914185,11
K1422,3243914224,3
K1429,3243914293,9
K1435,3243914356,13
K1436,3243914363,14
K1440,3243914402,16
K1445,3243914457,8
K1449,3243914495,7
K1450,3243914503,11
K1457,3243914572,0
K1469,3243914697,0
K1476,3243914767,7
K1477,3243914774,5
K1482,3243914820,10
K1484,3243914844,1
K1489,3243914899,9
K1507,3243915070,8
K1516,3243915164,10
K1519,3243915195,10
K1520,3243915203,12
K1522,3243915227,12
K1523,3243915234,17
K1541,3243915412,10
K1542,3243915429,13
K1547,3243915474,14
K1551,3243915513,7
K1559,3243915599,15
K1560,3243915607,10
K1569,3243915690,23
K1572,3243915722,8
K1585,3243915854,13
K1601,3243916011,11
K1603,3243916035,7
K1616,3243916167,6
K1626,3243916268,10
K1647,3243916477,5
K1658,3243916585,5
K1688,3243916888,6
K1693,3243916934,8
K1727,3243917278,9
K1730,3243917300,12
K1733,3243917331,5
K1743,3243917432,9
K1760,3243917603,6
K1778,3243917780,11
K1779,3243917797,5
K1800,3243918000,11
K1804,3243918048,7
K1807,3243918079,13
K1817,3243918170,4
K1836,3243918365,8
K1840,3243918404,5
K1864,3243918644,9
K1874,3243918745,9
K1884,3243918846,7
K1891,3243918916,11
K1905,3243919058,5
K1923,3243919236,16
K1924,3243919243,5
K1931,3243919313,7
K1935,3243919351,11
K1943,3243919438,5
K1950,3243919508,7
K2007,3243920074,8
K2035,3243920353,13
K2047,3243920478,6
K2057,3243920579,6
K8035,3242480351,7
J1766,3408417661,17
J2046,3408420467,27
J2051,3408420513,26
J2157,3408421578,20
J2184,3408421840,12
J2235,3408422355,26
J2274,3408422742,22
J2304,3408423048,6
J2317,3408423170,15
J2331,3408423310,16
J2339,3408423396,13
J2342,3408423428,23
J2349,3408423497,6
J2368,3408423682,12
J2369,3408423699,9
J2415,3408424159,12
J2416,3408424166,13
J2434,3408424344,8
J2442,3408424421,9
J2455,3408424553,16
J2456,3408424560,5
J2469,3408424692,13
J2472,3408424724,8
J2483,3408424832,12
J2488,3408424887,14
J2493,3408424933,7
J2500,3408425006,6
J2914,3408429147,8
J2919,3408429192,9
J2928,3408429286,6
J2929,3408429293,10
J2935,3408429356,7
J2936,3408429363,8
J2942,3408429426,6
J2943,3408429433,8
J2947,3408429471,7
J2955,3408429558,6
J2969,3408429697,7
J2972,3408429729,8
J2973,3408429736,7
J2984,3408429844,5
J2992,3408429921,15
J2995,3408429952,12
J2999,3408429990,5
J3000,3408430000,7
J3001,3408430017,9
J3002,3408430024,9
J3011,3408430118,8
J3012,3408430125,13
J3013,3408430132,5
J3014,3408430149,9
J3017,3408430170,3
J3027,3408430271,6
J3029,3408430295,5
J3035,3408430358,9
J3036,3408430365,3
J3037,3408430372,8
J3039,3408430396,15
J3045,3408430459,4
J3047,3408430473,5
J3053,3408430536,3
J3056,3408430567,16
J3057,3408430574,10
J3063,3408430637,5
J3064,3408430644,6
J3065,3408430651,6
J3066,3408430668,6
J3070,3408430707,8
J3078,3408430783,6
J3080,3408430808,19
J3086,3408430860,5
J3089,3408430891,4
J3090,3408430909,6
J3093,3408430930,5
J3099,3408430992,5
J3103,3408431034,5
J3107,3408431072,13
J3112,3408431128,7
J3114,3408431142,9
J3115,3408431159,2
J3117,3408431173,10
J3119,3408431197,15
J3122,3408431229,8
J3127,3408431274,7
J3129,3408431298,11
J3130,3408431306,10
J3131,3408431313,7
J3132,3408431320,3
J3134,3408431344,7
J3138,3408431382,8
J3142,3408431421,4
J3144,3408431445,9
J3146,3408431469,6
J3149,3408431490,5
J3150,3408431508,2
J3151,3408431515,6
J3153,3408431539,6
J3154,3408431546,3
J3155,3408431553,2
J3156,3408431560,3
J3157,3408431577,2
J3159,3408431591,9
J3160,3408431609,2
J3161,3408431616,4
J3165,3408431654,4
J3181,3408431818,10
J3183,3408431832,4
J3185,3408431856,3
J3186,3408431863,5
J3188,3408431887,12
J3189,3408431894,4
J3190,3408431902,5
J3191,3408431919,4
J3193,3408431933,3
J3195,3408431957,4
J3196,3408431964,2
J3198,3408431988,10
J3199,3408431995,7
J3200,3408432006,4
J3201,3408432013,8
J3202,3408432020,7
J3204,3408432044,3
J3206,3408432068,9
J3207,3408432075,3
J3208,3408432082,8
J3213,3408432138,4
J3214,3408432145,2
J3215,3408432152,7
J3216,3408432169,2
J3217,3408432176,2
J3218,3408432183,2
J3219,3408432190,2
J3222,3408432222,4
J3223,3408432239,2
J3224,3408432246,6
J3225,3408432253,5
J3227,3408432277,2
J3228,3408432284,2
J3230,3408432309,3
J3232,3408432323,4
J3234,3408432347,3
J3243,3408432431,2
J3245,3408432455,4
J3248,3408432486,3
J3249,3408432493,11
J3252,3408432525,3
J3253,3408432532,2
J3254,3408432549,1
J3256,3408432563,2
J3259,3408432594,4
J3261,3408432619,2
J3262,3408432626,4
J3263,3408432633,2
J3268,3408432688,4
J3269,3408432695,1
J3271,3408432710,4
J3274,3408432741,10
J3275,3408432758,2
J3277,3408432772,2
J3278,3408432789,3
J3279,3408432796,7
J3283,3408432835,2
J3285,3408432859,3
J3286,3408432866,2
J3287,3408432873,6
J3288,3408432880,7
J3291,3408432912,2
J3292,3408432929,2
J3294,3408432943,2
J3295,3408432950,3
J3296,3408432967,4
J3297,3408432974,3
J3298,3408432981,2
J3299,3408432998,6
J3300,3408433009,10
J3301,3408433016,5
J3303,3408433030,2
J3304,3408433047,5
J3305,3408433054,2
J3306,3408433061,1
J3307,3408433078,1
J3310,3408433100,2
J3313,3408433131,1
J3314,3408433148,2
J3316,3408433162,2
J3317,3408433179,6
J3318,3408433186,6
J3319,3408433193,5
J3320,3408433201,2
J3321,3408433218,3
J3322,3408433225,2
J3323,3408433232,2
J3325,3408433256,2
J3327,3408433270,7
J3328,3408433287,2
J3330,3408433302,3
J3331,3408433319,2
J3332,3408433326,2
J3334,3408433340,2
J3335,3408433357,2
J3336,3408433364,2
J3337,3408433371,3
J3338,3408433388,2
J3340,3408433403,5
J3341,3408433410,8
J3343,3408433434,2
J3345,3408433458,2
J3346,3408433465,5
J3347,3408433472,4
J3348,3408433489,2
J3349,3408433496,4
J3352,3408433528,2
J3353,3408433535,1
J3354,3408433542,0
J3355,3408433559,2
J3356,3408433566,5
J3357,3408433573,1
J3359,3408433597,5
J3361,3408433612,2
J3362,3408433629,2
J3363,3408433636,2
J3364,3408433643,1
J3365,3408433650,6
J3366,3408433667,1
J3367,3408433674,5
J3368,3408433681,2
J3369,3408433698,2
J3370,3408433706,4
J3371,3408433713,1
J3373,3408433737,1
J3374,3408433744,4
J3375,3408433751,2
J3376,3408433768,1
J3377,3408433775,1
J3378,3408433782,1
J3379,3408433799,3
J3380,3408433807,1
J3381,3408433814,2
J3382,3408433821,1
J3383,3408433838,5
J3384,3408433845,2
J3385,3408433852,2
J3386,3408433869,1
J3387,3408433876,1
J3388,3408433883,1
J3390,3408433908,1
J3391,3408433915,1
J3393,3408433939,1
J3394,3408433946,1
J3395,3408433953,1
J3396,3408433960,1
J3397,3408433977,2
J3398,3408433984,1
J3399,3408433991,2
J3401,3408434019,2
J3403,3408434033,2
J3405,3408434057,3
J3406,3408434064,1
J3408,3408434088,1
J3409,3408434095,2
J3410,3408434103,1
J3413,3408434134,2
J3414,3408434141,2
J3415,3408434158,1
J3416,3408434165,1
J3417,3408434172,1
J3419,3408434196,1
J3421,3408434211,1
J3423,3408434235,1
J3424,3408434242,3
J3426,3408434266,2
J3428,3408434280,4
J3430,3408434305,1
J3431,3408434312,1
J3433,3408434336,1
J3434,3408434343,1
J3436,3408434367,1
J3438,3408434381,6
J3439,3408434398,1
J3440,3408434406,4
J3442,3408434420,1
J3443,3408434437,1
J3447,3408434475,1
J3450,3408434507,1
J3451,3408434514,1
J3452,3408434521,1
J3453,3408434538,1
J3454,3408434545,1
J3455,3408434552,3
J3456,3408434569,1
J3458,3408434583,6
J3459,3408434590,1
J3460,3408434608,0
J3462,3408434622,1
J3463,3408434639,1
J3464,3408434646,1
J3465,3408434653,3
J3466,3408434660,3
J3467,3408434677,1
J3469,3408434691,1
J3470,3408434709,1
J3471,3408434716,1
J3472,3408434723,1
J3473,3408434730,4
J3474,3408434747,3
J3475,3408434754,1
J3476,3408434761,1
J3477,3408434778,1
J3478,3408434785,3
J3480,3408434800,1
J3481,3408434817,1
J3482,3408434824,1
J3483,3408434831,1
J3484,3408434848,1
J3485,3408434855,2
J3486,3408434862,1
J3488,3408434886,1
J3489,3408434893,1
J3490,3408434901,1
J3491,3408434918,1
J3493,3408434932,1
J3494,3408434949,1
J3495,3408434956,1
J3498,3408434987,1
J3499,3408434994,1
J3500,3408435005,1
J3900,3408439007,1
J3902,3408439021,1
J3903,3408439038,1
J3904,3408439045,1
J3905,3408439052,1
J3906,3408439069,3
J3907,3408439076,3
J3908,3408439083,1
J3909,3408439090,1
J3911,3408439115,1
J3912,3408439122,1
J3913,3408439139,1
J3914,3408439146,1
J3915,3408439153,1
J3916,3408439160,1
J3917,3408439177,1
J3918,3408439184,1
J3920,3408439209,1
J3921,3408439216,1
J3923,3408439230,3
J3924,3408439247,2
J3925,3408439254,1
J3926,3408439261,1
J3927,3408439278,1
J3928,3408439285,1
J3929,3408439292,1
J3930,3408439300,4
J3931,3408439317,1
J3932,3408439324,1
J3933,3408439331,1
J3934,3408439348,0
J3936,3408439362,1
J3937,3408439379,1
J3938,3408439386,1
J3939,3408439393,1
J3940,3408439401,1
J3942,3408439425,1
J3943,3408439432,2
J3944,3408439449,4
J3946,3408439463,2
J3947,3408439470,1
J3948,3408439487,1
J3950,3408439502,1
J3952,3408439526,1
J3953,3408439533,1
J3954,3408439540,4
J3956,3408439564,1
J3958,3408439588,5
J3959,3408439595,1
J3960,3408439603,1
J3961,3408439610,1
J3962,3408439627,1
J3963,3408439634,1
J3964,3408439641,1
J3965,3408439658,1
J3966,3408439665,1
J3967,3408439672,2
J3969,3408439696,1
J3970,3408439704,1
J3971,3408439711,0
J3973,3408439735,1
J3974,3408439742,1
J3975,3408439759,1
J3976,3408439766,1
J3977,3408439773,0
J3978,3408439780,1
J3979,3408439797,0
J3980,3408439805,1
J3981,3408439812,0
J3984,3408439843,1
J3985,3408439850,1
J3986,3408439867,1
J3987,3408439874,3
J3988,3408439881,3
J3990,3408439906,1
J3991,3408439913,1
J3993,3408439937,1
J3994,3408439944,1
J3996,3408439968,0
J3997,3408439975,1
J3998,3408439982,1
J3999,3408439999,1
J4000,3408440009,1
J4001,3408440016,1
J4002,3408440023,3
J4003,3408440030,1
J4004,3408440047,1
J4005,3408440054,2
J4007,3408440078,0
J4008,3408440085,1
J4009,3408440092,0
J4010,3408440100,1
J4011,3408440117,1
J4012,3408440124,0
J4013,3408440131,1
J4014,3408440148,1
J4015,3408440155,2
J4016,3408440162,0
J4017,3408440179,1
J4018,3408440186,1
J4019,3408440193,1
J4020,3408440201,3
J4021,3408440218,1
J4022,3408440225,1
J4023,3408440232,1
J4024,3408440249,0
J4025,3408440256,2
J4026,3408440263,0
J4027,3408440270,2
J4028,3408440287,1
J4029,3408440294,1
J4030,3408440302,1
J4031,3408440319,1
J4032,3408440326,1
J4033,3408440333,0
J4034,3408440340,0
J4035,3408440357,1
J4036,3408440364,1
J4037,3408440371,1
J4038,3408440388,1
J4039,3408440395,2
J4040,3408440403,1
J4041,3408440410,0
J4042,3408440427,2
J4043,3408440434,2
J4044,3408440441,2
J4045,3408440458,2
J4046,3408440465,1
J4047,3408440472,1
J4048,3408440489,1
J4049,3408440496,2
J4050,3408440504,0
J4053,3408440535,0
J4057,3408440573,2
J4058,3408440580,2
J4059,3408440597,1
J4060,3408440605,0
J4061,3408440612,1
J4062,3408440629,3
J4063,3408440636,2
J4064,3408440643,1
J4065,3408440650,2
J4066,3408440667,3
J4067,3408440674,1
J4068,3408440681,2
J4069,3408440698,0
J4070,3408440706,2
J4071,3408440713,1
J4072,3408440720,1
J4073,3408440737,1
J4074,3408440744,1
J4075,3408440751,1
J4076,3408440768,0
J4080,3408440807,0
J4081,3408440814,0
J4082,3408440821,1
J4083,3408440838,0
J4084,3408440845,0
J4085,3408440852,1
J4086,3408440869,0
J4087,3408440876,1
J4088,3408440883,0
J4089,3408440890,1
J4090,3408440908,2
J4091,3408440915,1
J4092,3408440922,1
J4093,3408440939,1
J4094,3408440946,1
J4095,3408440953,1
J4096,3408440960,1
J4097,3408440977,1
J4098,3408440984,2
J4099,3408440991,1
J4100,3408441002,1
J4102,3408441026,1
J4103,3408441033,1
J4104,3408441040,1
J4105,3408441057,1
J4106,3408441064,1
J4107,3408441071,1
J4108,3408441088,1
J4109,3408441095,1
J4110,3408441103,1
J4111,3408441110,1
J4112,3408441127,1
J4113,3408441134,1
J4114,3408441141,1
J4115,3408441158,2
J4116,3408441165,1
J4117,3408441172,1
J4118,3408441189,2
J4119,3408441196,1
J4120,3408441204,2
J4121,3408441211,1
J4122,3408441228,1
J4123,3408441235,1
J4124,3408441242,2
J4125,3408441259,1
J4126,3408441266,1
J4127,3408441273,1
J4128,3408441280,1
J4129,3408441297,1
J4130,3408441305,1
J4131,3408441312,1
J4132,3408441329,1
J4133,3408441336,0
J4134,3408441343,1
J4135,3408441350,1
J4136,3408441367,1
J4137,3408441374,1
J4138,3408441381,1
J4139,3408441398,1
J4140,3408441406,1
J4141,3408441413,1
J4142,3408441420,1
J4143,3408441437,1
J4144,3408441444,1
J4145,3408441451,2
J4146,3408441468,2
J4147,3408441475,2
J4148,3408441482,2
J4149,3408441499,2
J4150,3408441507,1
J4151,3408441514,1
J4152,3408441521,1
J4153,3408441538,1
J4154,3408441545,1
J4155,3408441552,1
J4156,3408441569,1
J4157,3408441576,1
J4158,3408441583,1
J4159,3408441590,1
J4160,3408441608,1
J4163,3408441639,1
J4164,3408441646,1
J4165,3408441653,1
J4166,3408441660,1
J4167,3408441677,1
J4168,3408441684,1
J4169,3408441691,1
J4170,3408441709,1
J4171,3408441716,1
J4172,3408441723,1
J4174,3408441747,1
J4175,3408441754,1
J4176,3408441761,1
J4177,3408441778,1
J4178,3408441785,1
J4179,3408441792,1
J4180,3408441800,1
J4181,3408441817,1
J4182,3408441824,1
J4183,3408441831,1
J4184,3408441848,1
J4185,3408441855,1
J4186,3408441862,1
J4187,3408441879,1
J4188,3408441886,1
J4189,3408441893,1
J4190,3408441901,1
J4191,3408441918,1
J4192,3408441925,1
J4193,3408441932,1
J4194,3408441949,1
J4195,3408441956,1
J4196,3408441963,1
J4198,3408441987,1
J4200,3408442005,1
J4201,3408442012,1
J4202,3408442029,1
J4204,3408442043,1
J4205,3408442050,1
J4206,3408442067,1
J4207,3408442074,1
J4208,3408442081,1
J4209,3408442098,1
J4210,3408442106,1
J4211,3408442113,1
J4213,3408442137,1
J4215,3408442151,1
J4216,3408442168,1
J4217,3408442175,1
J4218,3408442182,1
J4219,3408442199,1
J4220,3408442207,1
J4221,3408442214,1
J4222,3408442221,1
J4223,3408442238,1
J4224,3408442245,1
J4225,3408442252,1
J4226,3408442269,1
J4228,3408442283,1
J4229,3408442290,1
J4231,3408442315,1
J4232,3408442322,0
J4233,3408442339,1
J4234,3408442346,1
J4235,3408442353,1
J4236,3408442360,1
J4237,3408442377,1
J4238,3408442384,1
J4239,3408442391,1
J4240,3408442409,1
J4242,3408442423,1
J4243,3408442430,1
J4244,3408442447,1
J4245,3408442454,0
J4246,3408442461,0
J4247,3408442478,0
J4248,3408442485,0
J4249,3408442492,0
J4250,3408442500,0
J4251,3408442517,0
J4252,3408442524,0
J4253,3408442531,0
J4254,3408442548,0
J4255,3408442555,0
J4256,3408442562,0
J4257,3408442579,0
J4258,3408442586,0
J4259,3408442593,0
J4261,3408442618,0
J4263,3408442632,0
J4264,3408442649,0
J4265,3408442656,0
J4266,3408442663,0
J4267,3408442670,0
J4268,3408442687,0
J4269,3408442694,0
J4270,3408442702,0
J4271,3408442719,0
J4272,3408442726,0
J4273,3408442733,0
J4274,3408442740,0
J4275,3408442757,0
J4276,3408442764,0
J4278,3408442788,0
J4279,3408442795,0
J4280,3408442803,0
J4281,3408442810,0
J4282,3408442827,0
J4283,3408442834,0
J4284,3408442841,0
J4285,3408442858,0
J4286,3408442865,0
J4287,3408442872,0
J4288,3408442889,0
J4289,3408442896,0
J4290,3408442904,0
J4291,3408442911,0
J4292,3408442928,0
J4294,3408442942,0
J4295,3408442959,0
J4296,3408442966,0
J4297,3408442973,0
J4298,3408442980,0
J4299,3408442997,0
J4300,3408443008,0
J4301,3408443015,0
J4302,3408443022,0
J4303,3408443039,0
J4304,3408443046,0
J4305,3408443053,0
J4306,3408443060,0
J4307,3408443077,0
J4309,3408443091,0
J4310,3408443109,0
J4311,3408443116,0
J4312,3408443123,0
J4313,3408443130,0
J4315,3408443154,0
J4316,3408443161,0
J4317,3408443178,0
J4318,3408443185,0
J4319,3408443192,0
J4320,3408443200,0
J4321,3408443217,0
J4322,3408443224,0
J4323,3408443231,0
J4324,3408443248,0
J4326,3408443262,0
J4327,3408443279,0
J4328,3408443286,0
J4329,3408443293,0
J4330,3408443301,0
J4331,3408443318,0
J4332,3408443325,0
J4333,3408443332,0
J4334,3408443349,0
J4335,3408443356,0
J4336,3408443363,0
J4337,3408443370,0
J4338,3408443387,0
J4339,3408443394,0
J4340,3408443402,0
J4341,3408443419,0
J4342,3408443426,0
J4343,3408443433,0
J4344,3408443440,0
J4346,3408443464,0
J4348,3408443488,0
J4349,3408443495,0
J4350,3408443503,0
J4351,3408443510,0
J4352,3408443527,0
J4353,3408443534,0
J4354,3408443541,0
J4355,3408443558,0
J4357,3408443572,0
J4358,3408443589,0
J4359,3408443596,0
J4360,3408443604,0
J4361,3408443611,0
J4363,3408443635,0
J4364,3408443642,0
J4365,3408443659,0
J4366,3408443666,0
J4367,3408443673,0
J4368,3408443680,0
J4369,3408443697,0
J4370,3408443705,0
J4371,3408443712,0
J4372,3408443729,0
J4373,3408443736,0
J4374,3408443743,0
J4376,3408443767,0
J4377,3408443774,0
J4378,3408443781,0
J4380,3408443806,0
J4381,3408443813,0
J4382,3408443820,0
J4383,3408443837,0
J4384,3408443844,0
J4385,3408443851,0
J4386,3408443868,0
J4387,3408443875,0
J4388,3408443882,0
J4389,3408443899,0
J4390,3408443907,0
J4391,3408443914,0
J4392,3408443921,0
J4394,3408443945,0
J4395,3408443952,0
J4396,3408443969,0
J4397,3408443976,0
J4398,3408443983,0
J4399,3408443990,0
J4400,3408444001,0
J4401,3408444018,0
J4402,3408444025,0
J4403,3408444032,0
J4404,3408444049,0
J4405,3408444056,0
J4407,3408444070,0
J4408,3408444087,0
J4410,3408444102,0
J4411,3408444119,0
J4412,3408444126,0
J4413,3408444133,0
J4414,3408444140,0
J4415,3408444157,0
J4416,3408444164,0
J4417,3408444171,0
J4420,3408444203,0
J4421,3408444210,0
J4422,3408444227,0
J4423,3408444234,0
J4424,3408444241,0
J4425,3408444258,0
J4426,3408444265,0
J4427,3408444272,0
J4428,3408444289,0
J4430,3408444304,0
J4431,3408444311,0
J4432,3408444328,0
J4433,3408444335,0
J4434,3408444342,0
J4435,3408444359,0
J4436,3408444366,0
J4437,3408444373,0
J4438,3408444380,0
J4439,3408444397,0
J4440,3408444405,0
J4441,3408444412,0
J4442,3408444429,0
J4443,3408444436,0
J4446,3408444467,0
J4447,3408444474,0
J4448,3408444481,0
J4449,3408444498,0
J4450,3408444506,0
J4451,3408444513,0
J4452,3408444520,0
J4454,3408444544,0
J4455,3408444551,0
J4456,3408444568,0
J4457,3408444575,0
J4459,3408444599,0
J4460,3408444607,0
J4461,3408444614,0
J4464,3408444645,0
J4465,3408444652,0
J4466,3408444669,0
J4468,3408444683,0
J4469,3408444690,0
J4471,3408444715,0
J4472,3408444722,0
J4473,3408444739,0
J4474,3408444746,0
J4475,3408444753,0
J4476,3408444760,0
J4477,3408444777,0
J4479,3408444791,0
J4480,3408444809,0
J4481,3408444816,0
J4482,3408444823,0
J4483,3408444830,0
J4485,3408444854,0
J4486,3408444861,0
J4487,3408444878,0
J4488,3408444885,0
J4489,3408444892,0
J4490,3408444900,0
J4492,3408444924,0
J4493,3408444931,0
J4494,3408444948,0
J4495,3408444955,0
J4496,3408444962,0
J4497,3408444979,0
J4498,3408444986,0
J4499,3408444993,0
J4501,3408445011,0
J4503,3408445035,0
J4505,3408445059,0
J4507,3408445073,0
J4508,3408445080,0
J4509,3408445097,0
J4510,3408445105,0
J4511,3408445112,0
J4512,3408445129,0
J4514,3408445143,0
J4515,3408445150,0
J4517,3408445174,0
J4518,3408445181,0
J4519,3408445198,0
J4520,3408445206,0
J4521,3408445213,0
J4522,3408445220,0
J4524,3408445244,0
J4526,3408445268,0
J4527,3408445275,0
J4528,3408445282,0
J4530,3408445307,0
J4532,3408445321,0
J4533,3408445338,0
J4534,3408445345,0
J4536,3408445369,0
J4537,3408445376,0
J4538,3408445383,0
J4539,3408445390,0
J4540,3408445408,0
J4543,3408445439,0
J4544,3408445446,0
J4545,3408445453,0
J4546,3408445460,0
J4548,3408445484,0
J4551,3408445516,0
J4552,3408445523,0
J4553,3408445530,0
J4554,3408445547,0
J4556,3408445561,0
J4557,3408445578,0
J4558,3408445585,0
J4559,3408445592,0
J4560,3408445600,0
J4561,3408445617,0
J4562,3408445624,0
J4563,3408445631,0
J4566,3408445662,0
J4567,3408445679,0
J4568,3408445686,0
J4570,3408445701,0
J4571,3408445718,0
J4573,3408445732,0
J4574,3408445749,0
J4575,3408445756,0
J4576,3408445763,0
J4577,3408445770,0
J4578,3408445787,0
J4579,3408445794,0
J4580,3408445802,0
J4582,3408445826,0
J4583,3408445833,0
J4584,3408445840,0
J4585,3408445857,0
J4586,3408445864,0
J4587,3408445871,0
J4588,3408445888,0
J4590,3408445903,0
J4591,3408445910,0
J4592,3408445927,0
J4593,3408445934,0
J4594,3408445941,0
J4595,3408445958,0
J4596,3408445965,0
J4597,3408445972,0
J4599,3408445996,0
J4600,3408446007,0
J4601,3408446014,0
J4602,3408446021,0
J4603,3408446038,0
J4604,3408446045,0
J4605,3408446052,0
J4606,3408446069,0
J4607,3408446076,0
J4608,3408446083,0
J4609,3408446090,0
J4610,3408446108,0
J4611,3408446115,0
J4612,3408446122,0
J4613,3408446139,0
J4614,3408446146,0
J4615,3408446153,0
J4616,3408446160,0
J4617,3408446177,0
J4618,3408446184,0
J4619,3408446191,0
J4620,3408446209,0
J4621,3408446216,0
J4622,3408446223,0
J4623,3408446230,0
J4624,3408446247,0
J4625,3408446254,0
J4626,3408446261,0
J4629,3408446292,0
J4630,3408446300,0
J4631,3408446317,0
J4632,3408446324,0
J4633,3408446331,0
J4634,3408446348,0
J4635,3408446355,0
J4636,3408446362,0
J4637,3408446379,0
J4638,3408446386,0
J4639,3408446393,0
J4640,3408446401,0
J4641,3408446418,0
J4642,3408446425,0
J4643,3408446432,0
J4644,3408446449,0
J4645,3408446456,0
J4646,3408446463,0
J4647,3408446470,0
J4648,3408446487,0
J4649,3408446494,0
J4650,3408446502,0
J4651,3408446519,0
J4652,3408446526,0
J4653,3408446533,0
J4654,3408446540,0
J4655,3408446557,0
J4656,3408446564,0
J4657,3408446571,0
J4658,3408446588,0
J4659,3408446595,0
J4660,3408446603,0
J4661,3408446610,0
J4662,3408446627,0
J4663,3408446634,0
J4664,3408446641,0
J4665,3408446658,0
J4668,3408446689,0
J4670,3408446704,0
J4671,3408446711,0
J4672,3408446728,0
J4673,3408446735,0
J4674,3408446742,0
J4676,3408446766,0
J4679,3408446797,0
J4681,3408446812,0
J4682,3408446829,0
J4683,3408446836,0
J4685,3408446850,0
J4686,3408446867,0
J4687,3408446874,0
J4688,3408446881,0
J4690,3408446906,0
J4691,3408446913,0
J4693,3408446937,0
J4694,3408446944,0
J4695,3408446951,0
J4696,3408446968,0
J4697,3408446975,0
J4698,3408446982,0
J4700,3408447000,0
J4701,3408447017,0
J4702,3408447024,0
J4703,3408447031,0
J4704,3408447048,0
J4705,3408447055,0
J4706,3408447062,0
J4707,3408447079,0
J4708,3408447086,0
J4709,3408447093,0
J4710,3408447101,0
J4711,3408447118,0
J4712,3408447125,0
J4713,3408447132,0
J4715,3408447156,0
J4716,3408447163,0
J4719,3408447194,0
J4720,3408447202,0
J4721,3408447219,0
J4722,3408447226,0
J4724,3408447240,0
J4726,3408447264,0
J4727,3408447271,0
J4728,3408447288,0
J4729,3408447295,0
J4730,3408447303,0
J4731,3408447310,0
J4732,3408447327,0
J4733,3408447334,0
J4736,3408447365,0
J4737,3408447372,0
J4738,3408447389,0
J4740,3408447404,0
J4741,3408447411,0
J4742,3408447428,0
J4743,3408447435,0
J4744,3408447442,0
J4747,3408447473,0
J4748,3408447480,0
J4750,3408447505,0
J4751,3408447512,0
J4752,3408447529,0
J4753,3408447536,0
J4754,3408447543,0
J4755,3408447550,0
J4758,3408447581,0
J4760,3408447606,0
J4762,3408447620,0
J4763,3408447637,0
J4764,3408447644,0
J4766,3408447668,0
J4768,3408447682,0
J4769,3408447699,0
J4770,3408447707,0
J4772,3408447721,0
J4773,3408447738,0
J4774,3408447745,0
J4775,3408447752,0
J4777,3408447776,0
J4778,3408447783,0
J4779,3408447790,0
J4780,3408447808,0
J4781,3408447815,0
J4782,3408447822,0
J4783,3408447839,0
J4784,3408447846,0
J4785,3408447853,0
J4786,3408447860,0
J4787,3408447877,0
J4788,3408447884,0
J4789,3408447891,0
J4790,3408447909,0
J4791,3408447916,0
J4792,3408447923,0
J4793,3408447930,0
J4794,3408447947,0
J4795,3408447954,0
J4796,3408447961,0
J4797,3408447978,0
J4798,3408447985,0
J4799,3408447992,0
J4801,3408448010,0
J4802,3408448027,0
J4803,3408448034,0
J4804,3408448041,0
J4805,3408448058,0
J4806,3408448065,0
J4807,3408448072,0
J4808,3408448089,0
J4809,3408448096,0
J4810,3408448104,0
J4811,3408448111,0
J4812,3408448128,0
J4813,3408448135,0
J4815,3408448159,0
J4816,3408448166,0
J4817,3408448173,0
J4820,3408448205,0
J4821,3408448212,0
J4822,3408448229,0
J4823,3408448236,0
J4824,3408448243,0
J4826,3408448267,0
J4828,3408448281,0
J4829,3408448298,0
J4830,3408448306,0
J4831,3408448313,0
J4832,3408448320,0
J4833,3408448337,0
J4834,3408448344,0
J4835,3408448351,0
J4836,3408448368,0
J4837,3408448375,0
J4838,3408448382,0
J4840,3408448407,0
J4841,3408448414,0
J4842,3408448421,0
J4844,3408448445,0
J4845,3408448452,0
J4846,3408448469,0
J4847,3408448476,0
J4848,3408448483,0
J4849,3408448490,0
J4851,3408448515,0
J4852,3408448522,0
J4854,3408448546,0
J4855,3408448553,0
J4856,3408448560,0
J4857,3408448577,0
J4858,3408448584,0
J4859,3408448591,0
J4860,3408448609,0
J4861,3408448616,0
J4862,3408448623,0
J4864,3408448647,0
J4865,3408448654,0
J4866,3408448661,0
J4867,3408448678,0
J4868,3408448685,0
J4869,3408448692,0
J4870,3408448700,0
J4873,3408448731,0
J4874,3408448748,0
J4875,3408448755,0
J4876,3408448762,0
J4878,3408448786,0
J4879,3408448793,0
J4880,3408448801,0
J4881,3408448818,0
J4884,3408448849,0
J4886,3408448863,0
J4887,3408448870,0
J4888,3408448887,0
J4889,3408448894,0
J4890,3408448902,0
J4893,3408448933,0
J4895,3408448957,0
J4896,3408448964,0
J4897,3408448971,0
J4898,3408448988,0
J4899,3408448995,0
J4901,3408449013,0
J4902,3408449020,0
J4903,3408449037,0
J4904,3408449044,0
J4905,3408449051,0
J4906,3408449068,0
J4908,3408449082,0
J4909,3408449099,0
J4910,3408449107,0
J4911,3408449114,0
J4912,3408449121,0
J4915,3408449152,0
J4917,3408449176,0
J4918,3408449183,0
J4919,3408449190,0
J4920,3408449208,0
J4921,3408449215,0
J4927,3408449277,0
J4928,3408449284,0
J4930,3408449309,0
J4931,3408449316,0
J4932,3408449323,0
J4935,3408449354,0
J4938,3408449385,0
J4939,3408449392,0
J4941,3408449417,0
J4942,3408449424,0
J4943,3408449431,0
J4945,3408449455,0
J4946,3408449462,0
J4947,3408449479,0
J4948,3408449486,0
J4949,3408449493,0
J4951,3408449518,0
J4953,3408449532,0
J4956,3408449563,0
J4957,3408449570,0
J4958,3408449587,0
J4959,3408449594,0
J4960,3408449602,0
J4961,3408449619,0
J4962,3408449626,0
J4963,3408449633,0
J4964,3408449640,0
J4965,3408449657,0
J4966,3408449664,0
J4967,3408449671,0
J4968,3408449688,0
J4969,3408449695,0
J4970,3408449703,0
J4971,3408449710,0
J4973,3408449734,0
J4974,3408449741,0
J4975,3408449758,0
J4976,3408449765,0
J4977,3408449772,0
J4978,3408449789,0
J4979,3408449796,0
J4980,3408449804,0
J4982,3408449828,0
J4983,3408449835,0
J4984,3408449842,0
J4985,3408449859,0
J4986,3408449866,0
J4987,3408449873,0
J4988,3408449880,0
J4989,3408449897,0
J4990,3408449905,0
J4991,3408449912,0
J4992,3408449929,0
J4993,3408449936,0
J4994,3408449943,0
J4995,3408449950,0
J4996,3408449967,0
J4997,3408449974,0
J4999,3408449998,0
J5400,3408454000,0
J5401,3408454017,0
J5402,3408454024,0
J5403,3408454031,0
J5404,3408454048,0
J5405,3408454055,0
J5406,3408454062,0
J5407,3408454079,0
J5408,3408454086,0
J5409,3408454093,0
J5410,3408454101,0
J5412,3408454125,0
J5413,3408454132,0
J5414,3408454149,0
J5415,3408454156,0
J5417,3408454170,0
J5418,3408454187,0
J5419,3408454194,0
J5420,3408454202,0
J5421,3408454219,0
J5422,3408454226,0
J5423,3408454233,0
J5424,3408454240,0
J5425,3408454257,0
J5426,3408454264,0
J5427,3408454271,0
J5428,3408454288,0
J5429,3408454295,0
J5431,3408454310,0
J5432,3408454327,0
J5433,3408454334,0
J5434,3408454341,0
J5435,3408454358,0
J5436,3408454365,0
J5437,3408454372,0
J5438,3408454389,0
J5440,3408454404,0
J5441,3408454411,0
J5442,3408454428,0
J5443,3408454435,0
J5444,3408454442,0
J5445,3408454459,0
J5446,3408454466,0
J5448,3408454480,0
J5449,3408454497,0
J5450,3408454505,0
J5451,3408454512,0
J5452,3408454529,0
J5453,3408454536,0
J5454,3408454543,0
J5455,3408454550,0
J5456,3408454567,0
J5457,3408454574,0
J5458,3408454581,0
J5459,3408454598,0
J5460,3408454606,0
J5461,3408454613,0
J5462,3408454620,0
J5463,3408454637,0
J5464,3408454644,0
J5465,3408454651,0
J5466,3408454668,0
J5467,3408454675,0
J5469,3408454699,0
J5471,3408454714,0
J5472,3408454721,0
J5473,3408454738,0
J5474,3408454745,0
J5476,3408454769,0
J5477,3408454776,0
J5479,3408454790,0
J5480,3408454808,0
J5481,3408454815,0
J5482,3408454822,0
J5483,3408454839,0
J5484,3408454846,0
J5485,3408454853,0
J5486,3408454860,0
J5487,3408454877,0
J5488,3408454884,0
J5489,3408454891,0
J5490,3408454909,0
J5491,3408454916,0
J5492,3408454923,0
J5493,3408454930,0
J5494,3408454947,0
J5495,3408454954,0
J5496,3408454961,0
J5497,3408454978,0
J5498,3408454985,0
J5499,3408454992,0
J5500,3408455003,0
J5501,3408455010,0
J5502,3408455027,0
J5504,3408455041,0
J5505,3408455058,0
J5506,3408455065,0
J5507,3408455072,0
J5509,3408455096,0
J5510,3408455104,0
J5511,3408455111,0
J5512,3408455128,0
J5513,3408455135,0
J5514,3408455142,0
J5515,3408455159,0
J5516,3408455166,0
J5517,3408455173,0
J5518,3408455180,0
J5519,3408455197,0
J5520,3408455205,0
J5522,3408455229,0
J5523,3408455236,0
J5524,3408455243,0
J5525,3408455250,0
J5526,3408455267,0
J5527,3408455274,0
J5528,3408455281,0
J5531,3408455313,0
J5532,3408455320,0
J5533,3408455337,0
J5534,3408455344,0
J5535,3408455351,0
J5536,3408455368,0
J5537,3408455375,0
J5538,3408455382,0
J5539,3408455399,0
J5540,3408455407,0
J5541,3408455414,0
J5543,3408455438,0
J5544,3408455445,0
J5545,3408455452,0
J5546,3408455469,0
J5547,3408455476,0
J5548,3408455483,0
J5549,3408455490,0
J5550,3408455508,0
J5551,3408455515,0
J5552,3408455522,0
J5553,3408455539,0
J5554,3408455546,0
J5555,3408455553,0
J5556,3408455560,0
J5557,3408455577,0
J5558,3408455584,0
J5559,3408455591,0
J5560,3408455609,0
J5561,3408455616,0
J5562,3408455623,0
J5563,3408455630,0
J5564,3408455647,0
J5565,3408455654,0
J5566,3408455661,0
J5567,3408455678,0
J5568,3408455685,0
J5569,3408455692,0
J5571,3408455717,0
J5573,3408455731,0
J5574,3408455748,0
J5577,3408455779,0
J5578,3408455786,0
J5579,3408455793,0
J5581,3408455818,0
J5582,3408455825,0
J5583,3408455832,0
J5584,3408455849,0
J5585,3408455856,0
J5586,3408455863,0
J5588,3408455887,0
J5589,3408455894,0
J5590,3408455902,0
J5591,3408455919,0
J5592,3408455926,0
J5593,3408455933,0
J5595,3408455957,0
J5597,3408455971,0
J5599,3408455995,0
J5600,3408456006,0
J5601,3408456013,0
J5602,3408456020,0
J5603,3408456037,0
J5604,3408456044,0
J5605,3408456051,0
J5606,3408456068,0
J5607,3408456075,0
J5608,3408456082,0
J5609,3408456099,0
J5610,3408456107,0
J5611,3408456114,0
J5612,3408456121,0
J5614,3408456145,0
J5615,3408456152,0
J5616,3408456169,0
J5617,3408456176,0
J5618,3408456183,0
J5619,3408456190,0
J5620,3408456208,0
J5621,3408456215,0
J5622,3408456222,0
J5623,3408456239,0
J5624,3408456246,0
J5626,3408456260,0
J5628,3408456284,0
J5630,3408456309,0
J5631,3408456316,0
J5632,3408456323,0
J5633,3408456330,0
J5634,3408456347,0
J5635,3408456354,0
J5636,3408456361,0
J5637,3408456378,0
J5638,3408456385,0
J5639,3408456392,0
J5640,3408456400,0
J5641,3408456417,0
J5642,3408456424,0
J5643,3408456431,0
J5644,3408456448,0
J5647,3408456479,0
J5648,3408456486,0
J5649,3408456493,0
J5650,3408456501,0
J5653,3408456532,0
J5654,3408456549,0
J5655,3408456556,0
J5656,3408456563,0
J5657,3408456570,0
J5658,3408456587,0
J5659,3408456594,0
J5660,3408456602,0
J5661,3408456619,0
J5662,3408456626,0
J5663,3408456633,0
J5664,3408456640,0
J5666,3408456664,0
J5667,3408456671,0
J5668,3408456688,0
J5669,3408456695,0
J5670,3408456703,0
J5671,3408456710,0
J5672,3408456727,0
J5673,3408456734,0
J5674,3408456741,0
J5675,3408456758,0
J5676,3408456765,0
J5677,3408456772,0
J5678,3408456789,0
J5679,3408456796,0
J5680,3408456804,0
J5681,3408456811,0
J5682,3408456828,0
J5683,3408456835,0
J5684,3408456842,0
J5685,3408456859,0
J5686,3408456866,0
J5687,3408456873,0
J5688,3408456880,0
J5689,3408456897,0
J5690,3408456905,0
J5691,3408456912,0
J5692,3408456929,0
J5693,3408456936,0
J5694,3408456943,0
J5695,3408456950,0
J5696,3408456967,0
J5697,3408456974,0
J5698,3408456981,0
J5699,3408456998,0
J5700,3408457009,0
J5701,3408457016,0
J5702,3408457023,0
J5703,3408457030,0
J5705,3408457054,0
J5706,3408457061,0
J5707,3408457078,0
J5708,3408457085,0
J5709,3408457092,0
J5710,3408457100,0
J5711,3408457117,0
J5712,3408457124,0
J5714,3408457148,0
J5715,3408457155,0
J5716,3408457162,0
J5717,3408457179,0
J5718,3408457186,0
J5719,3408457193,0
J5720,3408457201,0
J5721,3408457218,0
J5722,3408457225,0
J5723,3408457232,0
J5724,3408457249,0
J5726,3408457263,0
J5727,3408457270,0
J5728,3408457287,0
J5729,3408457294,0
J5730,3408457302,0
J5731,3408457319,0
J5732,3408457326,0
J5733,3408457333,0
J5734,3408457340,0
J5735,3408457357,0
J5736,3408457364,0
J5737,3408457371,0
J5738,3408457388,0
J5739,3408457395,0
J5740,3408457403,0
J5741,3408457410,0
J5742,3408457427,0
J5743,3408457434,0
J5744,3408457441,0
J5745,3408457458,0
J5746,3408457465,0
J5747,3408457472,0
J5748,3408457489,0
J5750,3408457504,0
J5751,3408457511,0
J5752,3408457528,0
J5753,3408457535,0
J5754,3408457542,0
J5756,3408457566,0
J5757,3408457573,0
J5758,3408457580,0
J5759,3408457597,0
J5760,3408457605,0
J5761,3408457612,0
J5762,3408457629,0
J5763,3408457636,0
J5764,3408457643,0
J5765,3408457650,0
J5766,3408457667,0
J5767,3408457674,0
J5768,3408457681,0
J5769,3408457698,0
J5770,3408457706,0
J5771,3408457713,0
J5772,3408457720,0
J5773,3408457737,0
J5774,3408457744,0
J5776,3408457768,0
J5777,3408457775,0
J5778,3408457782,0
J5779,3408457799,0
J5780,3408457807,0
J5781,3408457814,0
J5782,3408457821,0
J5783,3408457838,0
J5784,3408457845,0
J5785,3408457852,0
J5786,3408457869,0
J5787,3408457876,0
J5788,3408457883,0
J5789,3408457890,0
J5790,3408457908,0
J5791,3408457915,0
J5792,3408457922,0
J5793,3408457939,0
J5794,3408457946,0
J5795,3408457953,0
J6002,3408460021,0
J6005,3408460052,0
J6010,3408460108,0
J6015,3408460153,0
J6018,3408460184,0
J6041,3408460418,0
J6042,3408460425,0
J6043,3408460432,0
J6044,3408460449,0
J6047,3408460470,0
J6048,3408460487,0
J6049,3408460494,0
J6050,3408460502,0
J6053,3408460533,0
J6054,3408460540,0
J6056,3408460564,0
J6058,3408460588,0
J6059,3408460595,0
J6060,3408460603,0
J6063,3408460634,0
J6065,3408460658,0
J6067,3408460672,0
J6068,3408460689,0
J6069,3408460696,0
J6070,3408460704,0
J6072,3408460728,0
J6073,3408460735,0
J6074,3408460742,0
J6075,3408460759,0
J6076,3408460766,0
J6077,3408460773,0
J6078,3408460780,0
J6079,3408460797,0
J6081,3408460812,0
J6082,3408460829,0
J6083,3408460836,0
J6084,3408460843,0
J6085,3408460850,0
J6086,3408460867,0
J6087,3408460874,0
J6088,3408460881,0
J6089,3408460898,0
J6090,3408460906,0
J6091,3408460913,0
J6092,3408460920,0
J6093,3408460937,0
J6095,3408460951,0
J6097,3408460975,0
J6098,3408460982,0
J6099,3408460999,0
J6101,3408461017,0
J6102,3408461024,0
J6103,3408461031,0
J6104,3408461048,0
J6105,3408461055,0
J6106,3408461062,0
J6107,3408461079,0
J6108,3408461086,0
J6109,3408461093,0
